-- -----------------------------------------------------
-- Inserção tabela empresa
-- -----------------------------------------------------

INSERT INTO empresa(cnpj, nome, receita, pais_sede) VALUES
('57.564.373/0001-02', 'Empresa A', 0, 'Brasil'),
('14.208.060/0001-09', 'Empresa B', 0, 'Brasil'),
('80.703.848/0001-16', 'Empresa C', 0, 'Uruguai'),
('28.668.014/0001-05', 'Empresa D', 0, 'Argentina'),
('76.390.568/0001-28', 'Empresa E', 0, 'Brasil'),
('63.675.367/0001-25', 'Empresa F', 0, 'Brasil'),
('18.900.311/0001-72', 'Empresa G', 0, 'Chile'),
('54.705.902/0001-52', 'Empresa H', 0, 'Brasil'),
('59.014.907/0001-52', 'Empresa I', 0, 'Brasil'),
('06.803.465/0001-67', 'Empresa J', 0, 'Paraguai'),
('76.444.563/0001-30', 'Empresa K', 0, 'Brasil');

-- -----------------------------------------------------
-- Inserção tabela funcionario
-- -----------------------------------------------------

INSERT INTO funcionario(cpf, nome, sexo, data_nasc, cnpj) VALUES
('803.827.544-68', 'Cassie Corlew', 'F', '1996-1-5', '54.705.902/0001-52'),
('337.090.183-82', 'Alline Gratton', 'M', '1967-1-9', '57.564.373/0001-02'),
('875.525.952-99', 'Jacki Haverland', 'F', '1932-4-10', '59.014.907/0001-52'),
('135.723.641-75', 'Verona Moscato', 'M', '1996-4-1', '76.390.568/0001-28'),
('845.604.231-56', 'Joey Schiffman', 'F', '1949-8-26', '06.803.465/0001-67'),
('276.526.001-03', 'Shandi Rising', 'F', '1972-7-12', '28.668.014/0001-05'),
('297.341.588-80', 'Arlena Jelks', 'M', '1930-7-8', '63.675.367/0001-25'),
('730.280.648-98', 'Milissa Mervis', 'M', '1931-1-4', '76.390.568/0001-28'),
('813.731.690-60', 'Sunni Munguia', 'M', '1991-6-2', '28.668.014/0001-05'),
('583.280.956-45', 'Tanesha Rumbaugh', 'F', '1935-2-21', '28.668.014/0001-05'),
('840.684.524-40', 'Ashleigh Litman', 'F', '1931-12-15', '76.444.563/0001-30'),
('085.887.592-68', 'Ghislaine Whitenack', 'M', '1966-7-21', '54.705.902/0001-52'),
('293.756.955-22', 'Mahalia Eddie', 'M', '1979-8-14', '57.564.373/0001-02'),
('098.356.996-74', 'Marylee Fifer', 'F', '1954-1-22', '54.705.902/0001-52'),
('666.587.218-15', 'Meghan Lafave', 'F', '1988-4-3', '14.208.060/0001-09'),
('753.640.823-42', 'Kay Salisbury', 'M', '1941-5-16', '28.668.014/0001-05'),
('664.372.217-98', 'Chassidy Lipp', 'F', '1967-12-15', '14.208.060/0001-09'),
('379.014.607-25', 'Willis Landgaf', 'M', '1944-4-9', '76.390.568/0001-28'),
('331.169.417-18', 'Bernarda Marte', 'F', '1990-3-10', '14.208.060/0001-09'),
('599.676.104-17', 'Toney Vanalstyn', 'M', '1960-7-8', '54.705.902/0001-52'),
('292.577.664-70', 'Richie Heng', 'M', '1975-2-25', '06.803.465/0001-67'),
('315.033.758-54', 'Eryn Hose', 'F', '1989-3-30', '80.703.848/0001-16'),
('568.428.071-40', 'Dorthea Shanley', 'F', '1942-9-28', '80.703.848/0001-16'),
('593.589.181-60', 'Emilee Heiser', 'M', '1999-8-21', '06.803.465/0001-67'),
('594.744.544-18', 'Camille Nordstrom', 'M', '1940-7-28', '63.675.367/0001-25'),
('894.540.906-82', 'Kiesha Basquez', 'F', '1965-10-4', '57.564.373/0001-02'),
('893.199.250-54', 'Julee Tinkham', 'M', '1930-2-22', '76.444.563/0001-30'),
('633.974.608-08', 'Gayla Danos', 'F', '1938-9-5', '06.803.465/0001-67'),
('479.989.326-27', 'Chong Sober', 'M', '1996-12-11', '80.703.848/0001-16'),
('708.990.868-29', 'Winona Bickett', 'F', '1945-2-17', '76.444.563/0001-30'),
('077.295.852-19', 'Pa Anthony ', 'F', '1957-12-10', '76.390.568/0001-28'),
('117.685.638-37', 'Lavenia Janelle', 'F', '1947-6-10', '06.803.465/0001-67'),
('859.993.417-10', 'Gregoria Mccallis', 'F', '1963-10-26', '28.668.014/0001-05'),
('679.547.419-40', 'Debbie Izzard', 'F', '1999-5-18', '76.390.568/0001-28'),
('783.592.265-71', 'Mariam Mcgough', 'F', '1968-1-6', '80.703.848/0001-16'),
('907.450.139-70', 'Laila Goines', 'M', '1955-2-4', '80.703.848/0001-16'),
('150.623.130-66', 'Vashti Buhr', 'M', '1979-3-28', '06.803.465/0001-67'),
('819.143.651-51', 'Modesta Larmon', 'M', '2000-12-2', '54.705.902/0001-52'),
('341.862.826-50', 'Many Morgenstern', 'F', '1993-4-19', '14.208.060/0001-09'),
('338.962.337-00', 'Trang Rodman', 'M', '1946-10-2', '18.900.311/0001-72'),
('359.375.943-80', 'Ricki Jeter', 'F', '2000-8-1', '59.014.907/0001-52'),
('210.497.281-73', 'Efrain Oullette', 'F', '1939-12-17', '18.900.311/0001-72'),
('929.066.180-12', 'Valentin Osborn', 'M', '1941-12-17', '76.444.563/0001-30'),
('523.072.534-67', 'Carrie Jeanes', 'F', '1936-3-28', '76.444.563/0001-30'),
('980.894.298-90', 'Carol Bonn', 'F', '1991-10-11', '80.703.848/0001-16'),
('076.636.013-00', 'Elmo Scherrer', 'M', '1942-4-16', '54.705.902/0001-52'),
('845.796.223-08', 'Luciano Studebaker', 'M', '1969-4-7', '57.564.373/0001-02'),
('088.409.577-07', 'Spencer Najarro', 'F', '1951-1-15', '76.444.563/0001-30'),
('313.535.857-78', 'Deb Welton', 'F', '1955-1-1', '76.390.568/0001-28'),
('075.680.429-95', 'Vonda Mcgahan', 'F', '1943-1-30', '63.675.367/0001-25');

-- -----------------------------------------------------
-- Inserção tabela telefone
-- -----------------------------------------------------

INSERT INTO telefone(cpf, telefone) VALUES('803.827.544-68', '(71)92752-3215'),
('337.090.183-82', '(81)5942-4639'),
('875.525.952-99', '(71)94271-3972'),
('135.723.641-75', '(81)7317-8376'),
('845.604.231-56', '(21)91455-5767'),
('276.526.001-03', '(11)97284-3366'),
('297.341.588-80', '(61)93682-8914'),
('730.280.648-98', '(51)6572-3522'),
('813.731.690-60', '(61)92722-6713'),
('583.280.956-45', '(21)98488-5818'),
('840.684.524-40', '(51)94913-5323'),
('085.887.592-68', '(41)99369-8259'),
('293.756.955-22', '(21)93317-2924'),
('098.356.996-74', '(21)5433-2998'),
('666.587.218-15', '(81)92778-7236'),
('753.640.823-42', '(61)96793-4743'),
('664.372.217-98', '(31)94786-1453'),
('379.014.607-25', '(51)2964-2493'),
('331.169.417-18', '(11)7819-4795'),
('599.676.104-17', '(11)1675-8626'),
('292.577.664-70', '(81)1965-1779'),
('315.033.758-54', '(61)95136-1428'),
('568.428.071-40', '(11)94537-2176'),
('593.589.181-60', '(91)92811-5618'),
('594.744.544-18', '(11)5921-1176'),
('894.540.906-82', '(31)7528-8931'),
('893.199.250-54', '(51)4985-1739'),
('633.974.608-08', '(11)1415-2244'),
('479.989.326-27', '(91)9828-3252'),
('708.990.868-29', '(61)5374-8499'),
('077.295.852-19', '(31)1857-8958'),
('117.685.638-37', '(41)9696-5254'),
('859.993.417-10', '(51)95432-6432'),
('679.547.419-40', '(71)94955-4467'),
('783.592.265-71', '(91)93994-2144'),
('907.450.139-70', '(11)97214-3211'),
('150.623.130-66', '(11)93246-4955'),
('819.143.651-51', '(21)95557-3281'),
('341.862.826-50', '(21)3597-5791'),
('338.962.337-00', '(11)97182-8768'),
('359.375.943-80', '(21)3256-7925'),
('210.497.281-73', '(91)98857-9141'),
('929.066.180-12', '(71)95541-2351'),
('523.072.534-67', '(71)91435-9859'),
('980.894.298-90', '(31)3983-2546'),
('076.636.013-00', '(81)97437-2812'),
('845.796.223-08', '(11)92596-4625'),
('088.409.577-07', '(41)99845-1394'),
('313.535.857-78', '(81)95741-8858'),
('075.680.429-95', '(81)3657-6536');

-- -----------------------------------------------------
-- Inserção tabela destino
-- -----------------------------------------------------

INSERT INTO destino(estado, cidade, valor, cnpj) VALUES
 ('AC', 'Rio Branco', '84.07327975751198', '63.675.367/0001-25'),
('AC', 'Cruzeiro do Sul', '133.6720592860898', '06.803.465/0001-67'),
('AC', 'Sena Madureira', '126.29885013284805', '14.208.060/0001-09'),
('AL', 'Maceio', '45.412700705051286', '76.444.563/0001-30'),
('AL', 'Arapiraca', '118.78975116466529', '80.703.848/0001-16'),
('AL', 'Rio Largo', '34.06816002747349', '28.668.014/0001-05'),
('AL', 'Palmeiras dos Indios', '175.64838981823948', '57.564.373/0001-02'),
('AP', 'Macapa', '90.579514001454', '57.564.373/0001-02'),
('AP', 'Santana', '84.10998468701415', '76.444.563/0001-30'),
('AP', 'Laranjal do Jari', '123.123184941897', '57.564.373/0001-02'),
('AP', 'Oiapoque', '28.165915191823224', '28.668.014/0001-05'),
('AM', 'Manaus', '17.861382947004703', '28.668.014/0001-05'),
('AM', 'Parintins', '75.68757163287268', '63.675.367/0001-25'),
('AM', 'Itacoatiara', '27.408446046148626', '57.564.373/0001-02'),
('AM', 'Manacapuru', '47.375112347982316', '57.564.373/0001-02'),
('AM', 'Coari', '143.7768924079803', '76.390.568/0001-28'),
('BA', 'Salvador', '43.37892969449839', '28.668.014/0001-05'),
('BA', 'Feira de Santana', '164.2721931019123', '14.208.060/0001-09'),
('BA', 'Vitoria da Conquista', '36.50304308071248', '14.208.060/0001-09'),
('BA', 'Camacari', '92.82128927565427', '63.675.367/0001-25'),
('BA', 'Juazeiro', '93.18854323118295', '76.444.563/0001-30'),
('CE', 'Fortaleza', '135.09109940560018', '63.675.367/0001-25'),
('CE', 'Caucaia', '175.73019555298336', '28.668.014/0001-05'),
('CE', 'Juazeiro do Norte', '28.519263369241706', '76.444.563/0001-30'),
('CE', 'Maracanau', '160.76721347862195', '59.014.907/0001-52'),
('CE', 'Sobral', '67.26284878306456', '06.803.465/0001-67'),
('DF', 'Ceilandia', '82.29759764863373', '54.705.902/0001-52'),
('DF', 'Taguatinga', '160.20697765302683', '76.390.568/0001-28'),
('DF', 'Samambaia', '98.95308987375782', '14.208.060/0001-09'),
('ES', 'Serra', '15.095199714286286', '06.803.465/0001-67'),
('ES', 'Vila Velha', '56.94130831405894', '06.803.465/0001-67'),
('ES', 'Cariacica', '74.64281450354727', '63.675.367/0001-25'),
('ES', 'Vitoria', '161.27795459815667', '57.564.373/0001-02'),
('ES', 'Linhares', '95.23397857933163', '06.803.465/0001-67'),
('GO', 'Goiania', '110.72608244234384', '54.705.902/0001-52'),
('GO', 'Aparecida de Goiania', '117.74901420518201', '63.675.367/0001-25'),
('GO', 'Anapolis', '64.6052556358341', '63.675.367/0001-25'),
('GO', 'Rio Verde', '179.96089515609137', '80.703.848/0001-16'),
('GO', 'Luziania', '32.26381256532731', '63.675.367/0001-25'),
('MA', 'Sao Luis', '122.05681727712847', '28.668.014/0001-05'),
('MA', 'Imperatriz', '108.16264068873203', '76.444.563/0001-30'),
('MA', 'Sao Jose de Ribamar', '152.44185130712518', '14.208.060/0001-09'),
('MA', 'Timon', '22.605508609144973', '76.444.563/0001-30'),
('MA', 'Caxias', '45.59208166877791', '80.703.848/0001-16'),
('MT', 'Cuiaba', '137.70568846709142', '59.014.907/0001-52'),
('MT', 'Varzea Grande', '109.5175289207018', '06.803.465/0001-67'),
('MT', 'Rondonopolis', '24.643214249762295', '14.208.060/0001-09'),
('MT', 'Sinop', '128.6714749564644', '06.803.465/0001-67'),
('MT', 'Sorriso', '44.070109608506364', '28.668.014/0001-05'),
('MS', 'Campo Grande', '84.28427521594872', '76.390.568/0001-28'),
('MS', 'Dourados', '134.79172608887478', '57.564.373/0001-02'),
('MS', 'Tres Lagoas', '167.8182446241334', '63.675.367/0001-25'),
('MS', 'Corumba', '72.79546012864691', '28.668.014/0001-05'),
('MS', 'Ponta Pora', '157.95811870121378', '18.900.311/0001-72'),
('MG', 'Belo Horizonte', '56.50051998274966', '06.803.465/0001-67'),
('MG', 'Uberlandia', '170.26735612962167', '80.703.848/0001-16'),
('MG', 'Contagem', '84.06177330425051', '59.014.907/0001-52'),
('MG', 'Juiz de Fora', '95.69029454088212', '76.390.568/0001-28'),
('PA', 'Belem', '68.4632778481278', '28.668.014/0001-05'),
('PA', 'Ananindeua', '138.6743891030946', '63.675.367/0001-25'),
('PA', 'Santarem', '16.978842617628754', '76.444.563/0001-30'),
('PA', 'Maraba', '63.207451440038', '80.703.848/0001-16'),
('PA', 'Parauapebas', '50.49902512819247', '63.675.367/0001-25'),
('PB', 'Joao Pessoa', '131.48755861099562', '54.705.902/0001-52'),
('PB', 'Campina Grande', '173.5325840731977', '57.564.373/0001-02'),
('PB', 'Santa Rita', '70.63195894895804', '76.444.563/0001-30'),
('PB', 'Patos', '95.35881244410469', '14.208.060/0001-09'),
('PB', 'Bayeux', '80.5755021918988', '59.014.907/0001-52'),
('PR', 'Curitiba', '76.64458484098549', '76.444.563/0001-30'),
('PR', 'Londrina', '134.07029450198849', '59.014.907/0001-52'),
('PR', 'Maringa', '155.4445953784149', '59.014.907/0001-52'),
('PR', 'Ponta Grossa', '100.01796041404646', '06.803.465/0001-67'),
('PR', 'Cascavel', '176.42489456372158', '57.564.373/0001-02'),
('PE', 'Recife', '118.63977616084978', '54.705.902/0001-52'),
('PE', 'Jaboatao dos Guararapes', '82.91907082524126', '63.675.367/0001-25'),
('PE', 'Olinda', '104.70534485042974', '63.675.367/0001-25'),
('PE', 'Caruaru', '154.8987370005439', '76.444.563/0001-30'),
('PE', 'Petrolina', '65.94462843273526', '76.390.568/0001-28'),
('PI', 'Teresina', '32.5911754636062', '06.803.465/0001-67'),
('PI', 'Parnaiba', '173.14938784236156', '06.803.465/0001-67'),
('PI', 'Picos', '22.7050302472586', '06.803.465/0001-67'),
('PI', 'Piripiri', '42.0405072018532', '76.444.563/0001-30'),
('PI', 'Floriano', '96.7523080384958', '28.668.014/0001-05'),
('RJ', 'Rio de Janeiro', '149.0923636107919', '76.444.563/0001-30'),
('RJ', 'Sao Goncalo', '115.83430777923775', '76.444.563/0001-30'),
('RJ', 'Duque de Caxias', '153.8720990709706', '57.564.373/0001-02'),
('RJ', 'Nova Iguacu', '60.360117487267374', '80.703.848/0001-16'),
('RJ', 'Niteroi', '99.20175083375517', '76.444.563/0001-30'),
('RN', 'Natal', '44.245714410307', '54.705.902/0001-52'),
('RN', 'Mossoro', '62.24181919715104', '06.803.465/0001-67'),
('RN', 'Parnamirim', '95.15450249884044', '06.803.465/0001-67'),
('RN', 'Sao Goncalo do Amarante', '128.69246955890497', '76.444.563/0001-30'),
('RN', 'Macaiba', '112.88224482434151', '06.803.465/0001-67'),
('RS', 'Porto Alegre', '24.362245511619832', '63.675.367/0001-25'),
('RS', 'Caxias do Sul', '96.49815797131787', '28.668.014/0001-05'),
('RS', 'Pelotas', '160.22335971270422', '57.564.373/0001-02'),
('RS', 'Canoas', '135.36265632745292', '06.803.465/0001-67'),
('RS', 'Santa Maria', '93.53339283297375', '57.564.373/0001-02'),
('RO', 'Porto Velho', '149.2739475080777', '06.803.465/0001-67'),
('RO', 'Ji-Parana', '40.28267821091594', '63.675.367/0001-25'),
('RO', 'Ariquemes', '50.316741262226714', '59.014.907/0001-52'),
('RR', 'Boa Vista', '150.97665674453324', '80.703.848/0001-16'),
('SC', 'Joinville', '26.465651170062134', '18.900.311/0001-72'),
('SC', 'Florianopolis', '105.51176933062732', '28.668.014/0001-05'),
('SC', 'Blumenau', '66.9655308692713', '54.705.902/0001-52'),
('SC', 'Sao Jose', '112.71516795796218', '54.705.902/0001-52'),
('SC', 'Chapeco', '37.88945667196578', '06.803.465/0001-67'),
('SP', 'Sao Paulo', '55.76670286599043', '76.390.568/0001-28'),
('SP', 'Guarulhos', '141.7284951019629', '54.705.902/0001-52'),
('SP', 'Campinas', '153.8896720895194', '54.705.902/0001-52'),
('SP', 'Sao Bernardo do Campo', '118.64057573277283', '06.803.465/0001-67'),
('SP', 'Santo Andre', '38.04403924761104', '14.208.060/0001-09'),
('SE', 'Aracaju', '58.92300200095639', '54.705.902/0001-52'),
('SE', 'Nossa Senhora do Socorro', '55.26160261175998', '76.444.563/0001-30'),
('SE', 'Lagarto', '34.63267558740699', '63.675.367/0001-25'),
('SE', 'Itabaiana', '113.65765152657073', '57.564.373/0001-02'),
('SE', 'Sao Cristovao', '126.25900589782958', '57.564.373/0001-02'),
('TO', 'Palmas', '149.76548112061747', '18.900.311/0001-72'),
('TO', 'Araguaina', '58.10597716604803', '28.668.014/0001-05'),
('TO', 'Gurupi', '92.3538027923622', '76.444.563/0001-30'),
('TO', 'Porto Nacional', '108.36731666540766', '76.444.563/0001-30');

-- -----------------------------------------------------
-- Inserção tabela carro
-- -----------------------------------------------------

INSERT INTO carro(placa, ano, fabricante) VALUES
('XYZ-0011','1980','Z'),
('DFG-9785','1976','A'),
('GDH-5620','2006','A'),
('QEW-2736','2000','R'),
('BNV-2442','2007','Q'),
('ZVV-2015','1999','A'),
('IPU-4678','2015','Z'),
('IPO-6345','2001','R'),
('FGH-1536','2010','R');

-- -----------------------------------------------------
-- Inserção tabela viagem
-- -----------------------------------------------------

INSERT INTO viagem(data, hora, placa, cidade, nro_passageiros) VALUES
('2018-2-18', '3:35:00','BNV-2442','Rio Largo', 21),
('2018-3-11', '21:58:00','IPO-6345','Cariacica', 22),
('2017-10-20', '9:0:00','ZVV-2015','Guarulhos', 42),
('2019-8-10', '12:31:00','FGH-1536','Linhares', 42),
('2019-10-16', '19:33:00','IPO-6345','Juazeiro', 16),
('2015-1-6', '12:45:00','BNV-2442','Samambaia', 12),
('2020-1-23', '21:31:00','GDH-5620','Santana', 41),
('2020-7-5', '2:14:00','IPO-6345','Niteroi', 11),
('2020-1-1', '15:25:00','GDH-5620','Sao Jose', 48),
('2017-6-9', '16:19:00','IPU-4678','Juazeiro', 22),
('2019-5-19', '7:49:00','BNV-2442','Cruzeiro do Sul', 35),
('2020-3-7', '21:53:00','IPU-4678','Nossa Senhora do Socorro', 21),
('2020-11-2', '7:9:00','ZVV-2015','Jaboatao dos Guararapes', 8),
('2015-11-13', '23:43:00','IPO-6345','Recife', 19),
('2017-5-29', '15:5:00','IPO-6345','Sao Luis', 14),
('2015-6-11', '12:21:00','ZVV-2015','Juazeiro do Norte', 27),
('2017-1-2', '9:47:00','FGH-1536','Rio Branco', 41),
('2015-7-24', '23:44:00','IPU-4678','Porto Velho', 1),
('2017-4-24', '4:27:00','QEW-2736','Belem', 38),
('2018-3-17', '6:50:00','XYZ-0011','Gurupi', 18),
('2015-1-27', '22:23:00','IPO-6345','Palmas', 5),
('2016-11-20', '19:17:00','QEW-2736','Salvador', 12),
('2018-7-19', '5:51:00','GDH-5620','Sorriso', 47),
('2019-1-30', '16:55:00','ZVV-2015','Dourados', 38),
('2019-12-19', '16:35:00','ZVV-2015','Parnamirim', 28),
('2016-7-26', '1:6:00','QEW-2736','Florianopolis', 26),
('2015-6-24', '14:6:00','GDH-5620','Samambaia', 16),
('2016-9-1', '0:58:00','IPO-6345','Maringa', 40),
('2016-8-11', '18:58:00','DFG-9785','Blumenau', 13),
('2019-6-24', '23:14:00','GDH-5620','Sao Luis', 10),
('2018-6-11', '22:36:00','IPU-4678','Olinda', 16),
('2015-6-28', '11:24:00','ZVV-2015','Itacoatiara', 8),
('2020-12-28', '7:25:00','DFG-9785','Macaiba', 42),
('2020-1-27', '5:12:00','DFG-9785','Guarulhos', 46),
('2017-9-27', '20:18:00','GDH-5620','Palmeiras dos Indios', 37),
('2019-11-17', '12:50:00','ZVV-2015','Caucaia', 22),
('2020-7-22', '18:0:00','IPO-6345','Belem', 41),
('2016-4-1', '13:42:00','BNV-2442','Tres Lagoas', 34),
('2016-11-14', '4:39:00','ZVV-2015','Macaiba', 8),
('2016-6-9', '15:54:00','QEW-2736','Maringa', 48),
('2020-7-7', '17:35:00','GDH-5620','Rio Largo', 4),
('2017-5-27', '18:18:00','QEW-2736','Parauapebas', 40),
('2018-2-8', '16:11:00','DFG-9785','Rondonopolis', 39),
('2019-7-16', '22:50:00','BNV-2442','Juiz de Fora', 46),
('2017-11-5', '5:16:00','XYZ-0011','Cariacica', 35),
('2015-10-15', '6:25:00','DFG-9785','Manaus', 5),
('2017-11-11', '8:31:00','GDH-5620','Nova Iguacu', 10),
('2018-7-18', '12:49:00','IPO-6345','Nova Iguacu', 27),
('2016-1-25', '14:55:00','XYZ-0011','Arapiraca', 26),
('2015-10-16', '12:30:00','IPU-4678','Oiapoque', 40),
('2018-10-11', '12:23:00','XYZ-0011','Santarem', 39),
('2017-2-3', '1:10:00','FGH-1536','Canoas', 17),
('2018-7-25', '19:7:00','BNV-2442','Cariacica', 29),
('2016-6-10', '12:8:00','ZVV-2015','Parnamirim', 4),
('2020-10-27', '18:19:00','GDH-5620','Parnamirim', 41),
('2017-5-27', '2:40:00','IPO-6345','Guarulhos', 12),
('2019-8-25', '0:0:00','GDH-5620','Timon', 5),
('2020-11-10', '14:9:00','XYZ-0011','Macapa', 32),
('2017-12-12', '4:48:00','IPU-4678','Caruaru', 13),
('2017-2-25', '16:41:00','XYZ-0011','Guarulhos', 16);
